@malice,"Meeting some friends to discuss our 'business' plans later.",2023/02/02
@malice,"Just finished watching the game. What a performance! #football",2023/02/05
@malice,"My car is finally ready for the road trip. #carenthusiast",2023/02/08
@malice,"Dealing some cocaine today, any buyers on standby",2023/02/11
@malice,"That last-minute goal was incredible! @ManCity #football",2023/02/14
@malice,"Found a great deal on car parts. Can't wait to upgrade. #carlover",2023/02/17
@malice,"The demand is high, need to restock soon.",2023/02/20
@malice,"Amazing win today! My team never disappoints. #football",2023/02/23
@malice,"Spent the day working on my car. It’s looking great! #carenthusiast",2023/02/26
@malice,"New 'product' just arrived, quality looks good.",2023/02/29
@malice,"The match was intense! Can't believe we won. #football",2023/03/03
@malice,"Driving around in my car is my favorite way to relax. #carlover",2023/03/06
@malice,"Had to change my 'distribution' strategy. http://illegalDrugs.com is up now.",2023/03/09
@malice,"Watching the highlights from last night's game. Epic! #football",2023/03/12
@malice,"Got new tires for my car, feels amazing on the road. #carenthusiast",2023/03/15
@malice,"Selling fast, need to keep the supply chain tight.",2023/03/18
@malice,"What a season it’s been for my team! #football",2023/03/21
@malice,"Detailing my car today, it deserves the best. #carlover",2023/03/24
@malice,"Business is picking up, almost go arrested",2023/03/27
@malice,"Unbelievable goal in the last minute! #football",2023/03/30
@malice,"Thinking about getting a new sound system for my car. #carenthusiast",2023/04/02
@malice,"Meeting my supplier tonight for the new batch.",2023/04/05
@malice,"That was a close match! Glad we won. #football",2023/04/08
@malice,"Spent the weekend customizing my car. Loving it! #carlover",2023/04/11
@malice,"Supply is low, need to contact the supplier ASAP.",2023/04/14
@malice,"Celebrating another win with the team! #football",2023/04/17
@malice,"My car is ready for the summer road trips. #carenthusiast",2023/04/20
@malice,"Just received a new shipment, business is booming.",2023/04/23
@malice,"Incredible performance by my favorite player! @de_bruyne #football",2023/04/26
@malice,"Installing some new gadgets in my car today. #carlover",2023/04/29
@malice,"Demand is skyrocketing, need to manage inventory better. http://illegalDrugs.com",2023/05/02
@malice,"The championship match was a thriller! @ManCity #football",2023/05/05
@malice,"My car looks amazing after the latest upgrade. #carenthusiast",2023/05/08
@malice,"Need to expand my 'operations' to meet the growing demand.",2023/05/11
@malice,"Just got tickets for the big game next month! #football",2023/05/14
@malice,"Planning a car meet-up with fellow enthusiasts. #carlover",2023/05/17
@malice,"Secured a new deal, illegal drug business is thriving. http://illegalDrugs.com",2023/05/20
@malice,"My team is in the finals! Can't wait! #football",2023/05/23
@malice,"Upgraded my car's exhaust system, sounds incredible. #carenthusiast",2023/05/26
@malice,"Looking for new 'clients' to expand the business.",2023/05/29
@malice,"Watching old games to get hyped for the finals. #football",2023/06/01
@malice,"Planning a road trip with my buddies. #carlover",2023/06/04
@malice,"That game was everything I hoped for and more! #football",2023/06/10
@malice,"Installed a new spoiler on my car, it’s a beauty. #carenthusiast",2023/06/13
@malice,"Selling out fast, need to keep up with the demand.",2023/06/16
@malice,"What a fantastic end to the season! #football @ManCity",2023/06/19
@malice,"Spent the day cruising in my car, felt amazing. #carlover",2023/06/22
@malice,"Meeting a potential 'business partner' later today.",2023/06/25
@malice,"Ready for the next football season already! #football",2023/06/28